schema_name,table_name,index_name,type_desc,is_unique,is_primary_key,is_unique_constraint,key_ordinal,column_name,is_included_column
dbo,_blk,IX__blk,NONCLUSTERED,1,0,1,1,CLNT_ID,0
dbo,_blk,IX__blk,NONCLUSTERED,1,0,1,2,BlockName,0
dbo,_blk,PK__blk,CLUSTERED,1,1,0,1,GEO_ID,0
dbo,_clnt,IX__clnt,NONCLUSTERED,1,0,0,1,CLNT_ID,0
dbo,_clnt,PK__clnt,CLUSTERED,1,1,0,1,GEO_ID,0
dbo,_clnt__fieldData,IX__clnt__fieldData,NONCLUSTERED,1,0,1,1,CLNT_ID,0
dbo,_clnt__fieldData,IX__clnt__fieldData,NONCLUSTERED,1,0,1,2,TableID,0
dbo,_clnt__fieldData,IX__clnt__fieldData,NONCLUSTERED,1,0,1,3,FieldID,0
dbo,_clnt__fieldData,IX__clnt__fieldData_DisplayName,NONCLUSTERED,1,0,0,1,TableID,0
dbo,_clnt__fieldData,IX__clnt__fieldData_DisplayName,NONCLUSTERED,1,0,0,2,CLNT_ID,0
dbo,_clnt__fieldData,IX__clnt__fieldData_DisplayName,NONCLUSTERED,1,0,0,3,DisplayName,0
dbo,_clnt__fieldData,PK__clnt__fieldData,CLUSTERED,1,1,0,1,GEO_ID,0
dbo,_clnt__tableData,IX__clnt__tableData,NONCLUSTERED,1,0,1,1,CLNT_ID,0
dbo,_clnt__tableData,IX__clnt__tableData,NONCLUSTERED,1,0,1,2,TableID,0
dbo,_clnt__tableData,IX__clnt__tableData_DisplayName,NONCLUSTERED,1,0,0,1,CLNT_ID,0
dbo,_clnt__tableData,IX__clnt__tableData_DisplayName,NONCLUSTERED,1,0,0,2,DisplayName,0
dbo,_clnt__tableData,PK__clnt__tableData,CLUSTERED,1,1,0,1,GEO_ID,0
dbo,_db,IX__db,NONCLUSTERED,0,0,0,1,ID,0
dbo,_db,PK__db,CLUSTERED,1,1,0,1,GEO_ID,0
dbo,_desx,IX__desx,NONCLUSTERED,1,0,1,1,CLNT_ID,0
dbo,_desx,IX__desx,NONCLUSTERED,1,0,1,2,PROJ_ID,0
dbo,_desx,PK__desx,CLUSTERED,1,1,0,1,GEO_ID,0
dbo,_dwg,IX__dwg,CLUSTERED,1,0,1,1,CLNT_ID,0
dbo,_dwg,IX__dwg,CLUSTERED,1,0,1,2,PROJ_ID,0
dbo,_dwg,IX__dwg,CLUSTERED,1,0,1,3,NAME,0
dbo,_dwg,PK__dwg,NONCLUSTERED,1,1,0,1,GEO_ID,0
dbo,_ent,IX__ent,NONCLUSTERED,1,0,1,1,CLNT_ID,0
dbo,_ent,IX__ent,NONCLUSTERED,1,0,1,2,PROJ_ID,0
dbo,_ent,IX__ent,NONCLUSTERED,1,0,1,3,EntityName,0
dbo,_ent,IX__ent,NONCLUSTERED,1,0,1,4,TableID,0
dbo,_ent,PK__ent,CLUSTERED,1,1,0,1,GEO_ID,0
dbo,_feature,IX__feature,NONCLUSTERED,1,0,1,1,CLNT_ID,0
dbo,_feature,IX__feature,NONCLUSTERED,1,0,1,2,PROJ_ID,0
dbo,_feature,IX__feature,NONCLUSTERED,1,0,1,3,POINT_ID,0
dbo,_feature,PK__feature,CLUSTERED,1,1,0,1,GEO_ID,0
dbo,_fieldData,IX__fieldData,NONCLUSTERED,1,0,1,1,TableID,0
dbo,_fieldData,IX__fieldData,NONCLUSTERED,1,0,1,2,FieldID,0
dbo,_fieldData,IX__fieldData_DisplayName,NONCLUSTERED,1,0,1,1,TableID,0
dbo,_fieldData,IX__fieldData_DisplayName,NONCLUSTERED,1,0,1,2,DisplayName,0
dbo,_fieldData,IX__fieldData_FieldName,NONCLUSTERED,1,0,1,1,TableID,0
dbo,_fieldData,IX__fieldData_FieldName,NONCLUSTERED,1,0,1,2,FieldName,0
dbo,_fieldData,PK__fieldData,CLUSTERED,1,1,0,1,GEO_ID,0
dbo,_gph,IX__gph,NONCLUSTERED,1,0,1,1,TableName,0
dbo,_gph,PK__gph,CLUSTERED,1,1,0,1,GEO_ID,0
dbo,_layer,IX__layer,NONCLUSTERED,1,0,1,1,CLNT_ID,0
dbo,_layer,IX__layer,NONCLUSTERED,1,0,1,2,PROJ_ID,0
dbo,_layer,IX__layer,NONCLUSTERED,1,0,1,3,NAME,0
dbo,_layer,PK__layer,CLUSTERED,1,1,0,1,GEO_ID,0
dbo,_lut_flds,IX__lut_flds,NONCLUSTERED,1,0,1,1,TableName,0
dbo,_lut_flds,IX__lut_flds,NONCLUSTERED,1,0,1,2,FieldName,0
dbo,_lut_flds,PK__lut_flds,CLUSTERED,1,1,0,1,GEO_ID,0
dbo,_lut_tbls,IX__lut_tbls,NONCLUSTERED,1,0,1,1,TableName,0
dbo,_lut_tbls,PK__lut_tbls,CLUSTERED,1,1,0,1,GEO_ID,0
dbo,_map,IX__map,NONCLUSTERED,1,0,1,1,CLNT_ID,0
dbo,_map,IX__map,NONCLUSTERED,1,0,1,2,PROJ_ID,0
dbo,_map,IX__map,NONCLUSTERED,1,0,1,3,MapName,0
dbo,_map,IX__map,NONCLUSTERED,1,0,1,4,MapMode,0
dbo,_map,IX__map,NONCLUSTERED,1,0,1,5,MapType,0
dbo,_map,PK__map,CLUSTERED,1,1,0,1,GEO_ID,0
dbo,_perm,IX__perm,NONCLUSTERED,1,0,1,1,CLNT_ID,0
dbo,_perm,IX__perm,NONCLUSTERED,1,0,1,2,PROJ_ID,0
dbo,_perm,IX__perm,NONCLUSTERED,1,0,1,3,WIN_ID,0
dbo,_perm,PK__perm,CLUSTERED,1,1,0,1,GEO_ID,0
dbo,_proj,IX__proj,NONCLUSTERED,1,0,1,1,CLNT_ID,0
dbo,_proj,IX__proj,NONCLUSTERED,1,0,1,2,PROJ_ID,0
dbo,_proj,PK__proj,CLUSTERED,1,1,0,1,GEO_ID,0
dbo,_rpt,IX__rpt,NONCLUSTERED,1,0,1,1,CLNT_ID,0
dbo,_rpt,IX__rpt,NONCLUSTERED,1,0,1,2,PROJ_ID,0
dbo,_rpt,IX__rpt,NONCLUSTERED,1,0,1,3,ReportName,0
dbo,_rpt,PK__rpt,CLUSTERED,1,1,0,1,GEO_ID,0
dbo,_tableData,IX__tableData,NONCLUSTERED,1,0,1,1,TableID,0
dbo,_tableData,IX__tableData_DisplayName,NONCLUSTERED,1,0,1,1,DisplayName,0
dbo,_tableData,IX__tableData_TableName,NONCLUSTERED,1,0,1,1,TableName,0
dbo,_tableData,PK__tableData,CLUSTERED,1,1,0,1,GEO_ID,0
dbo,_tableOrder,IX__tableOrder,NONCLUSTERED,1,0,0,1,TableID,0
dbo,_tableOrder,PK__tableOrder,CLUSTERED,1,1,0,1,GEO_ID,0
dbo,_unit,IX__unit,NONCLUSTERED,1,0,1,1,Unit,0
dbo,_unit,PK__unit,CLUSTERED,1,1,0,1,GEO_ID,0
dbo,_user,IX__user,NONCLUSTERED,1,0,1,1,WIN_ID,0
dbo,_user,PK__user,CLUSTERED,1,1,0,1,GEO_ID,0
dbo,_usp,IX__usp,NONCLUSTERED,1,0,1,1,CLNT_ID,0
dbo,_usp,IX__usp,NONCLUSTERED,1,0,1,2,UspName,0
dbo,_usp,PK__usp,CLUSTERED,1,1,0,1,GEO_ID,0
dbo,_wfl,IX__wfl,CLUSTERED,1,0,1,1,CLNT_ID,0
dbo,_wfl,IX__wfl,CLUSTERED,1,0,1,2,PROJ_ID,0
dbo,_wfl,IX__wfl,CLUSTERED,1,0,1,3,Name,0
dbo,_wfl,PK__wfl,NONCLUSTERED,1,1,0,1,GEO_ID,0
dbo,Activities,IX_Activities,CLUSTERED,1,0,1,1,CLNT_ID,0
dbo,Activities,IX_Activities,CLUSTERED,1,0,1,2,PROJ_ID,0
dbo,Activities,IX_Activities,CLUSTERED,1,0,1,3,DATE,0
dbo,Activities,IX_Activities,CLUSTERED,1,0,1,4,RIG,0
dbo,Activities,IX_Activities,CLUSTERED,1,0,1,5,START_DATE,0
dbo,Activities,IX_Activities,CLUSTERED,1,0,1,6,END_DATE,0
dbo,Activities,PK_Activities,NONCLUSTERED,1,1,0,1,GEO_ID,0
dbo,Anchor,IX_Anchor,CLUSTERED,1,0,1,1,CLNT_ID,0
dbo,Anchor,IX_Anchor,CLUSTERED,1,0,1,2,PROJ_ID,0
dbo,Anchor,IX_Anchor,CLUSTERED,1,0,1,3,POINT_ID,0
dbo,Anchor,IX_Anchor,CLUSTERED,1,0,1,4,BASE,0
dbo,Anchor,PK_Anchor,NONCLUSTERED,1,1,0,1,GEO_ID,0
dbo,AREA,IX_AREA,NONCLUSTERED,1,0,1,1,CLNT_ID,0
dbo,AREA,IX_AREA,NONCLUSTERED,1,0,1,2,PROJ_ID,0
dbo,AREA,PK_AREA,CLUSTERED,1,1,0,1,GEO_ID,0
dbo,Atterberg,IX_Atterberg,NONCLUSTERED,1,0,1,1,CLNT_ID,0
dbo,Atterberg,IX_Atterberg,NONCLUSTERED,1,0,1,2,PROJ_ID,0
dbo,Atterberg,IX_Atterberg,NONCLUSTERED,1,0,1,3,POINT_ID,0
dbo,Atterberg,IX_Atterberg,NONCLUSTERED,1,0,1,4,SAMPLE_TOP,0
dbo,Atterberg,IX_Atterberg,NONCLUSTERED,1,0,1,5,SAMPLE_REFERENCE,0
dbo,Atterberg,IX_Atterberg,NONCLUSTERED,1,0,1,6,SAMPLE_TYPE,0
dbo,Atterberg,IX_Atterberg,NONCLUSTERED,1,0,1,7,SPECIMEN_TOP,0
dbo,Atterberg,IX_Atterberg,NONCLUSTERED,1,0,1,8,SPECIMEN_REFERENCE,0
dbo,Atterberg,IX_Atterberg_SAMPLEID,NONCLUSTERED,1,0,1,1,CLNT_ID,0
dbo,Atterberg,IX_Atterberg_SAMPLEID,NONCLUSTERED,1,0,1,2,PROJ_ID,0
dbo,Atterberg,IX_Atterberg_SAMPLEID,NONCLUSTERED,1,0,1,3,SAMPLE_ID,0
dbo,Atterberg,IX_Atterberg_SAMPLEID,NONCLUSTERED,1,0,1,4,SPECIMEN_TOP,0
dbo,Atterberg,IX_Atterberg_SAMPLEID,NONCLUSTERED,1,0,1,5,SPECIMEN_REFERENCE,0
dbo,Atterberg,PK_Atterberg,CLUSTERED,1,1,0,1,GEO_ID,0
dbo,Backfill,IX_Backfill,NONCLUSTERED,1,0,1,1,CLNT_ID,0
dbo,Backfill,IX_Backfill,NONCLUSTERED,1,0,1,2,PROJ_ID,0
dbo,Backfill,IX_Backfill,NONCLUSTERED,1,0,1,3,POINT_ID,0
dbo,Backfill,IX_Backfill,NONCLUSTERED,1,0,1,4,TOP,0
dbo,Backfill,IX_Backfill,NONCLUSTERED,1,0,1,5,BASE,0
dbo,Backfill,PK_Backfill,CLUSTERED,1,1,0,1,GEO_ID,0
dbo,Casing,IX_Casing,NONCLUSTERED,1,0,1,1,CLNT_ID,0
dbo,Casing,IX_Casing,NONCLUSTERED,1,0,1,2,PROJ_ID,0
dbo,Casing,IX_Casing,NONCLUSTERED,1,0,1,3,POINT_ID,0
dbo,Casing,IX_Casing,NONCLUSTERED,1,0,1,4,TOP,0
dbo,Casing,PK_Casing,CLUSTERED,1,1,0,1,GEO_ID,0
dbo,Clients,IX_Clients,NONCLUSTERED,1,0,1,1,CLNT_ID,0
dbo,Clients,IX_Clients,NONCLUSTERED,1,0,1,2,CLIENT_ID,0
dbo,Clients,PK_Clients,CLUSTERED,1,1,0,1,GEO_ID,0
dbo,CLUSTER,IX_CLUSTER,NONCLUSTERED,1,0,1,1,CLNT_ID,0
dbo,CLUSTER,IX_CLUSTER,NONCLUSTERED,1,0,1,2,PROJ_ID,0
dbo,CLUSTER,IX_CLUSTER,NONCLUSTERED,1,0,1,3,CLUSTER_ID,0
dbo,CLUSTER,PK_CLUSTER,CLUSTERED,1,1,0,1,GEO_ID,0
dbo,Construction,IX_Construction,NONCLUSTERED,1,0,1,1,CLNT_ID,0
dbo,Construction,IX_Construction,NONCLUSTERED,1,0,1,2,PROJ_ID,0
dbo,Construction,IX_Construction,NONCLUSTERED,1,0,1,3,POINT_ID,0
dbo,Construction,IX_Construction,NONCLUSTERED,1,0,1,4,TOP,0
dbo,Construction,IX_Construction,NONCLUSTERED,1,0,1,5,BASE,0
dbo,Construction,IX_Construction,NONCLUSTERED,1,0,1,6,TYPE,0
dbo,Construction,PK_Construction,CLUSTERED,1,1,0,1,GEO_ID,0
dbo,Consumables,IX_Consumables,CLUSTERED,1,0,1,1,CLNT_ID,0
dbo,Consumables,IX_Consumables,CLUSTERED,1,0,1,2,PROJ_ID,0
dbo,Consumables,IX_Consumables,CLUSTERED,1,0,1,3,DATE,0
dbo,Consumables,IX_Consumables,CLUSTERED,1,0,1,4,RIG,0
dbo,Consumables,IX_Consumables,CLUSTERED,1,0,1,5,ITEM,0
dbo,Consumables,PK_Consumables,NONCLUSTERED,1,1,0,1,GEO_ID,0
dbo,Contractors,IX_Contractors,NONCLUSTERED,1,0,1,1,CLNT_ID,0
dbo,Contractors,IX_Contractors,NONCLUSTERED,1,0,1,2,ContractorID,0
dbo,Contractors,PK_Contractors,CLUSTERED,1,1,0,1,GEO_ID,0
dbo,Core,IX_Core,NONCLUSTERED,1,0,1,1,CLNT_ID,0
dbo,Core,IX_Core,NONCLUSTERED,1,0,1,2,PROJ_ID,0
dbo,Core,IX_Core,NONCLUSTERED,1,0,1,3,POINT_ID,0
dbo,Core,IX_Core,NONCLUSTERED,1,0,1,4,TOP,0
dbo,Core,IX_Core,NONCLUSTERED,1,0,1,5,BASE,0
dbo,Core,PK_Core,CLUSTERED,1,1,0,1,GEO_ID,0
dbo,CPT_Cones,IX_CPT_Cones,NONCLUSTERED,1,0,1,1,CLNT_ID,0
dbo,CPT_Cones,IX_CPT_Cones,NONCLUSTERED,1,0,1,2,VALUE,0
dbo,CPT_Cones,PK_CPT_Cones,CLUSTERED,1,1,0,1,GEO_ID,0
dbo,CPT_Data,IX_CPT_Data,CLUSTERED,1,0,1,1,CLNT_ID,0
dbo,CPT_Data,IX_CPT_Data,CLUSTERED,1,0,1,2,PROJ_ID,0
dbo,CPT_Data,IX_CPT_Data,CLUSTERED,1,0,1,3,POINT_ID,0
dbo,CPT_Data,IX_CPT_Data,CLUSTERED,1,0,1,4,ITEM,0
dbo,CPT_Data,IX_CPT_Data,CLUSTERED,1,0,1,5,TOP,0
dbo,CPT_Data,PK_CPT_Data,NONCLUSTERED,1,1,0,1,GEO_ID,0
dbo,CPT_Data_Edit,IX_CPT_Data_Edit,CLUSTERED,1,0,1,1,CLNT_ID,0
dbo,CPT_Data_Edit,IX_CPT_Data_Edit,CLUSTERED,1,0,1,2,PROJ_ID,0
dbo,CPT_Data_Edit,IX_CPT_Data_Edit,CLUSTERED,1,0,1,3,POINT_ID,0
dbo,CPT_Data_Edit,IX_CPT_Data_Edit,CLUSTERED,1,0,1,4,ITEM,0
dbo,CPT_Data_Edit,IX_CPT_Data_Edit,CLUSTERED,1,0,1,5,TOP,0
dbo,CPT_Data_Edit,IX_CPT_Data_Edit,CLUSTERED,1,0,1,6,BASE,0
dbo,CPT_Data_Edit,PK_CPT_Data_Edit,NONCLUSTERED,1,1,0,1,GEO_ID,0
dbo,CPT_Dissipation_Data,IX_CPT_Dissipation_Data,CLUSTERED,1,0,1,1,CLNT_ID,0
dbo,CPT_Dissipation_Data,IX_CPT_Dissipation_Data,CLUSTERED,1,0,1,2,PROJ_ID,0
dbo,CPT_Dissipation_Data,IX_CPT_Dissipation_Data,CLUSTERED,1,0,1,3,POINT_ID,0
dbo,CPT_Dissipation_Data,IX_CPT_Dissipation_Data,CLUSTERED,1,0,1,4,ITEM,0
dbo,CPT_Dissipation_Data,IX_CPT_Dissipation_Data,CLUSTERED,1,0,1,5,TOP,0
dbo,CPT_Dissipation_Data,IX_CPT_Dissipation_Data,CLUSTERED,1,0,1,6,SECONDS,0
dbo,CPT_Dissipation_Data,PK_CPT_Dissipation_Data,NONCLUSTERED,1,1,0,1,GEO_ID,0
dbo,CPT_Dissipation_Setup,IX_CPT_Dissipation_Setup,CLUSTERED,1,0,1,1,CLNT_ID,0
dbo,CPT_Dissipation_Setup,IX_CPT_Dissipation_Setup,CLUSTERED,1,0,1,2,PROJ_ID,0
dbo,CPT_Dissipation_Setup,IX_CPT_Dissipation_Setup,CLUSTERED,1,0,1,3,POINT_ID,0
dbo,CPT_Dissipation_Setup,IX_CPT_Dissipation_Setup,CLUSTERED,1,0,1,4,ITEM,0
dbo,CPT_Dissipation_Setup,IX_CPT_Dissipation_Setup,CLUSTERED,1,0,1,5,TOP,0
dbo,CPT_Dissipation_Setup,PK_CPT_Dissipation_Setup,NONCLUSTERED,1,1,0,1,GEO_ID,0
dbo,CPT_Parameter_Data,IX_CPT_Parameter_Data,CLUSTERED,1,0,1,1,CLNT_ID,0
dbo,CPT_Parameter_Data,IX_CPT_Parameter_Data,CLUSTERED,1,0,1,2,PROJ_ID,0
dbo,CPT_Parameter_Data,IX_CPT_Parameter_Data,CLUSTERED,1,0,1,3,POINT_ID,0
dbo,CPT_Parameter_Data,IX_CPT_Parameter_Data,CLUSTERED,1,0,1,4,ITEM,0
dbo,CPT_Parameter_Data,IX_CPT_Parameter_Data,CLUSTERED,1,0,1,5,REFERENCE,0
dbo,CPT_Parameter_Data,IX_CPT_Parameter_Data,CLUSTERED,1,0,1,6,TOP,0
dbo,CPT_Parameter_Data,PK_CPT_Parameter_Data,NONCLUSTERED,1,1,0,1,GEO_ID,0
dbo,CPT_Parameter_Setup,IX_CPT_Parameter_Setup,CLUSTERED,1,0,1,1,CLNT_ID,0
dbo,CPT_Parameter_Setup,IX_CPT_Parameter_Setup,CLUSTERED,1,0,1,2,PROJ_ID,0
dbo,CPT_Parameter_Setup,IX_CPT_Parameter_Setup,CLUSTERED,1,0,1,3,POINT_ID,0
dbo,CPT_Parameter_Setup,IX_CPT_Parameter_Setup,CLUSTERED,1,0,1,4,ITEM,0
dbo,CPT_Parameter_Setup,IX_CPT_Parameter_Setup,CLUSTERED,1,0,1,5,REFERENCE,0
dbo,CPT_Parameter_Setup,PK_CPT_Parameter_Setup,NONCLUSTERED,1,1,0,1,GEO_ID,0
dbo,CPT_Seismic_Data,IX_CPT_Seismic_Data,CLUSTERED,1,0,1,1,CLNT_ID,0
dbo,CPT_Seismic_Data,IX_CPT_Seismic_Data,CLUSTERED,1,0,1,2,PROJ_ID,0
dbo,CPT_Seismic_Data,IX_CPT_Seismic_Data,CLUSTERED,1,0,1,3,POINT_ID,0
dbo,CPT_Seismic_Data,IX_CPT_Seismic_Data,CLUSTERED,1,0,1,4,ITEM,0
dbo,CPT_Seismic_Data,IX_CPT_Seismic_Data,CLUSTERED,1,0,1,5,TOP,0
dbo,CPT_Seismic_Data,IX_CPT_Seismic_Data,CLUSTERED,1,0,1,6,TEST,0
dbo,CPT_Seismic_Data,IX_CPT_Seismic_Data,CLUSTERED,1,0,1,7,TIME,0
dbo,CPT_Seismic_Data,PK_CPT_Seismic_Data,NONCLUSTERED,1,1,0,1,GEO_ID,0
dbo,CPT_Seismic_Setup,IX_CPT_Seismic_Setup,CLUSTERED,1,0,1,1,CLNT_ID,0
dbo,CPT_Seismic_Setup,IX_CPT_Seismic_Setup,CLUSTERED,1,0,1,2,PROJ_ID,0
dbo,CPT_Seismic_Setup,IX_CPT_Seismic_Setup,CLUSTERED,1,0,1,3,POINT_ID,0
dbo,CPT_Seismic_Setup,IX_CPT_Seismic_Setup,CLUSTERED,1,0,1,4,ITEM,0
dbo,CPT_Seismic_Setup,IX_CPT_Seismic_Setup,CLUSTERED,1,0,1,5,TOP,0
dbo,CPT_Seismic_Setup,IX_CPT_Seismic_Setup,CLUSTERED,1,0,1,6,TEST,0
dbo,CPT_Seismic_Setup,PK_CPT_Seismic_Setup,NONCLUSTERED,1,1,0,1,GEO_ID,0
dbo,CPT_Setup,IX_CPT_Setup,CLUSTERED,1,0,1,1,CLNT_ID,0
dbo,CPT_Setup,IX_CPT_Setup,CLUSTERED,1,0,1,2,PROJ_ID,0
dbo,CPT_Setup,IX_CPT_Setup,CLUSTERED,1,0,1,3,POINT_ID,0
dbo,CPT_Setup,IX_CPT_Setup,CLUSTERED,1,0,1,4,ITEM,0
dbo,CPT_Setup,PK_CPT_Setup,NONCLUSTERED,1,1,0,1,GEO_ID,0
dbo,CPT_Vane_Data,IX_CPT_Vane_Data,CLUSTERED,1,0,1,1,CLNT_ID,0
dbo,CPT_Vane_Data,IX_CPT_Vane_Data,CLUSTERED,1,0,1,2,PROJ_ID,0
dbo,CPT_Vane_Data,IX_CPT_Vane_Data,CLUSTERED,1,0,1,3,POINT_ID,0
dbo,CPT_Vane_Data,IX_CPT_Vane_Data,CLUSTERED,1,0,1,4,ITEM,0
dbo,CPT_Vane_Data,IX_CPT_Vane_Data,CLUSTERED,1,0,1,5,TOP,0
dbo,CPT_Vane_Data,IX_CPT_Vane_Data,CLUSTERED,1,0,1,6,ANGLE,0
dbo,CPT_Vane_Data,PK_CPT_Vane_Data,NONCLUSTERED,1,1,0,1,GEO_ID,0
dbo,CPT_Vane_Setup,IX_CPT_Vane_Setup,CLUSTERED,1,0,1,1,CLNT_ID,0
dbo,CPT_Vane_Setup,IX_CPT_Vane_Setup,CLUSTERED,1,0,1,2,PROJ_ID,0
dbo,CPT_Vane_Setup,IX_CPT_Vane_Setup,CLUSTERED,1,0,1,3,POINT_ID,0
dbo,CPT_Vane_Setup,IX_CPT_Vane_Setup,CLUSTERED,1,0,1,4,ITEM,0
dbo,CPT_Vane_Setup,IX_CPT_Vane_Setup,CLUSTERED,1,0,1,5,TOP,0
dbo,CPT_Vane_Setup,PK_CPT_Vane_Setup,NONCLUSTERED,1,1,0,1,GEO_ID,0
dbo,CptConeCalibration,IX_CptConeCalibration,NONCLUSTERED,1,0,1,1,CLNT_ID,0
dbo,CptConeCalibration,IX_CptConeCalibration,NONCLUSTERED,1,0,1,2,VALUE,0
dbo,CptConeCalibration,IX_CptConeCalibration,NONCLUSTERED,1,0,1,3,DATE,0
dbo,CptConeCalibration,IX_CptConeCalibration,NONCLUSTERED,1,0,1,4,EXPIRY,0
dbo,CptConeCalibration,PK_CptConeCalibration,NONCLUSTERED,1,1,0,1,GEO_ID,0
dbo,DCP_Data,IX_DCP_Data,NONCLUSTERED,1,0,1,1,CLNT_ID,0
dbo,DCP_Data,IX_DCP_Data,NONCLUSTERED,1,0,1,2,PROJ_ID,0
dbo,DCP_Data,IX_DCP_Data,NONCLUSTERED,1,0,1,3,POINT_ID,0
dbo,DCP_Data,IX_DCP_Data,NONCLUSTERED,1,0,1,4,DATE,0
dbo,DCP_Data,IX_DCP_Data,NONCLUSTERED,1,0,1,5,START_DEPTH,0
dbo,DCP_Data,IX_DCP_Data,NONCLUSTERED,1,0,1,6,ITEM,0
dbo,DCP_Data,IX_DCP_Data,NONCLUSTERED,1,0,1,7,BLOWS,0
dbo,DCP_Data,PK_DCP_Data,CLUSTERED,1,1,0,1,GEO_ID,0
dbo,DCP_Setup,IX_DCP_Setup,NONCLUSTERED,1,0,1,1,CLNT_ID,0
dbo,DCP_Setup,IX_DCP_Setup,NONCLUSTERED,1,0,1,2,PROJ_ID,0
dbo,DCP_Setup,IX_DCP_Setup,NONCLUSTERED,1,0,1,3,POINT_ID,0
dbo,DCP_Setup,IX_DCP_Setup,NONCLUSTERED,1,0,1,4,DATE,0
dbo,DCP_Setup,IX_DCP_Setup,NONCLUSTERED,1,0,1,5,START_DEPTH,0
dbo,DCP_Setup,IX_DCP_Setup,NONCLUSTERED,1,0,1,6,ITEM,0
dbo,DCP_Setup,PK_DCP_Setup,CLUSTERED,1,1,0,1,GEO_ID,0
dbo,Density,IX_Density,NONCLUSTERED,1,0,1,1,CLNT_ID,0
dbo,Density,IX_Density,NONCLUSTERED,1,0,1,2,PROJ_ID,0
dbo,Density,IX_Density,NONCLUSTERED,1,0,1,3,POINT_ID,0
dbo,Density,IX_Density,NONCLUSTERED,1,0,1,4,SAMPLE_TOP,0
dbo,Density,IX_Density,NONCLUSTERED,1,0,1,5,SAMPLE_REFERENCE,0
dbo,Density,IX_Density,NONCLUSTERED,1,0,1,6,SAMPLE_TYPE,0
dbo,Density,IX_Density,NONCLUSTERED,1,0,1,7,SPECIMEN_TOP,0
dbo,Density,IX_Density,NONCLUSTERED,1,0,1,8,SPECIMEN_REFERENCE,0
dbo,Density,IX_Density_SAMPLEID,NONCLUSTERED,1,0,1,1,CLNT_ID,0
dbo,Density,IX_Density_SAMPLEID,NONCLUSTERED,1,0,1,2,PROJ_ID,0
dbo,Density,IX_Density_SAMPLEID,NONCLUSTERED,1,0,1,3,SAMPLE_ID,0
dbo,Density,IX_Density_SAMPLEID,NONCLUSTERED,1,0,1,4,SPECIMEN_TOP,0
dbo,Density,IX_Density_SAMPLEID,NONCLUSTERED,1,0,1,5,SPECIMEN_REFERENCE,0
dbo,Density,PK_Density,CLUSTERED,1,1,0,1,GEO_ID,0
dbo,Diameter,IX_Diameter,NONCLUSTERED,1,0,1,1,CLNT_ID,0
dbo,Diameter,IX_Diameter,NONCLUSTERED,1,0,1,2,VALUE,0
dbo,Diameter,PK_Diameter,CLUSTERED,1,1,0,1,GEO_ID,0
dbo,DPR_Data,IX_DPR_Data,NONCLUSTERED,1,0,1,1,CLNT_ID,0
dbo,DPR_Data,IX_DPR_Data,NONCLUSTERED,1,0,1,2,PROJ_ID,0
dbo,DPR_Data,IX_DPR_Data,NONCLUSTERED,1,0,1,3,POINT_ID,0
dbo,DPR_Data,IX_DPR_Data,NONCLUSTERED,1,0,1,4,ITEM,0
dbo,DPR_Data,IX_DPR_Data,NONCLUSTERED,1,0,1,5,TOP,0
dbo,DPR_Data,PK_DPR_Data,CLUSTERED,1,1,0,1,GEO_ID,0
dbo,DPR_Setup,IX_DPR_Setup,NONCLUSTERED,1,0,1,1,CLNT_ID,0
dbo,DPR_Setup,IX_DPR_Setup,NONCLUSTERED,1,0,1,2,PROJ_ID,0
dbo,DPR_Setup,IX_DPR_Setup,NONCLUSTERED,1,0,1,3,POINT_ID,0
dbo,DPR_Setup,IX_DPR_Setup,NONCLUSTERED,1,0,1,4,ITEM,0
dbo,DPR_Setup,PK_DPR_Setup,CLUSTERED,1,1,0,1,GEO_ID,0
dbo,DrillerLookup,IX_DrillerLookup,NONCLUSTERED,1,0,1,1,CLNT_ID,0
dbo,DrillerLookup,IX_DrillerLookup,NONCLUSTERED,1,0,1,2,VALUE,0
dbo,DrillerLookup,PK_DrillerLookup,CLUSTERED,1,1,0,1,GEO_ID,0
dbo,EquipmentCalibration,IX_EquipmentCalibration,CLUSTERED,1,0,1,1,CLNT_ID,0
dbo,EquipmentCalibration,IX_EquipmentCalibration,CLUSTERED,1,0,1,2,CAT_ID,0
dbo,EquipmentCalibration,IX_EquipmentCalibration,CLUSTERED,1,0,1,3,VALUE,0
dbo,EquipmentCalibration,IX_EquipmentCalibration,CLUSTERED,1,0,1,4,STARTDATE,0
dbo,EquipmentCalibration,IX_EquipmentCalibration,CLUSTERED,1,0,1,5,ENDDATE,0
dbo,EquipmentCalibration,IX_EquipmentCalibration,CLUSTERED,1,0,1,6,ITEM,0
dbo,EquipmentCalibration,PK_EquipmentCalibration,NONCLUSTERED,1,1,0,1,GEO_ID,0
dbo,EquipmentDaily,IX_EquipmentDaily,CLUSTERED,1,0,1,1,CLNT_ID,0
dbo,EquipmentDaily,IX_EquipmentDaily,CLUSTERED,1,0,1,2,CAT_ID,0
dbo,EquipmentDaily,IX_EquipmentDaily,CLUSTERED,1,0,1,3,VALUE,0
dbo,EquipmentDaily,IX_EquipmentDaily,CLUSTERED,1,0,1,4,DATE,0
dbo,EquipmentDaily,PK_EquipmentDaily,NONCLUSTERED,1,1,0,1,GEO_ID,0
dbo,Extensometer,IX_Extensometer,CLUSTERED,1,0,1,1,CLNT_ID,0
dbo,Extensometer,IX_Extensometer,CLUSTERED,1,0,1,2,PROJ_ID,0
dbo,Extensometer,IX_Extensometer,CLUSTERED,1,0,1,3,POINT_ID,0
dbo,Extensometer,IX_Extensometer,CLUSTERED,1,0,1,4,ITEM,0
dbo,Extensometer,PK_Extensometer,NONCLUSTERED,1,1,0,1,GEO_ID,0
dbo,ExtensometerDetail,IX_ExtensometerDetail,CLUSTERED,1,0,1,1,CLNT_ID,0
dbo,ExtensometerDetail,IX_ExtensometerDetail,CLUSTERED,1,0,1,2,PROJ_ID,0
dbo,ExtensometerDetail,IX_ExtensometerDetail,CLUSTERED,1,0,1,3,POINT_ID,0
dbo,ExtensometerDetail,IX_ExtensometerDetail,CLUSTERED,1,0,1,4,ITEM,0
dbo,ExtensometerDetail,IX_ExtensometerDetail,CLUSTERED,1,0,1,5,DEPTH,0
dbo,ExtensometerDetail,PK_ExtensometerDetail,NONCLUSTERED,1,1,0,1,GEO_ID,0
dbo,FILES,IX_FILES,NONCLUSTERED,1,0,1,1,CLNT_ID,0
dbo,FILES,IX_FILES,NONCLUSTERED,1,0,1,2,PROJ_ID,0
dbo,FILES,IX_FILES,NONCLUSTERED,1,0,1,3,VALUE,0
dbo,FILES,PK_FILES,CLUSTERED,1,1,0,1,GEO_ID,0
dbo,GEOLOGY,IX_GEOLOGY,NONCLUSTERED,1,0,1,1,CLNT_ID,0
dbo,GEOLOGY,IX_GEOLOGY,NONCLUSTERED,1,0,1,2,PROJ_ID,0
dbo,GEOLOGY,IX_GEOLOGY,NONCLUSTERED,1,0,1,3,POINT_ID,0
dbo,GEOLOGY,IX_GEOLOGY,NONCLUSTERED,1,0,1,4,TOP,0
dbo,GEOLOGY,IX_GEOLOGY,NONCLUSTERED,1,0,1,5,BASE,0
dbo,GEOLOGY,PK_GEOLOGY,CLUSTERED,1,1,0,1,GEO_ID,0
dbo,GeologyDetail,IX_GeologyDetail,NONCLUSTERED,1,0,1,1,CLNT_ID,0
dbo,GeologyDetail,IX_GeologyDetail,NONCLUSTERED,1,0,1,2,PROJ_ID,0
dbo,GeologyDetail,IX_GeologyDetail,NONCLUSTERED,1,0,1,3,POINT_ID,0
dbo,GeologyDetail,IX_GeologyDetail,NONCLUSTERED,1,0,1,4,TOP,0
dbo,GeologyDetail,PK_GeologyDetail,CLUSTERED,1,1,0,1,GEO_ID,0
dbo,GPHX_Backfill,IX_GPHX_Backfill,NONCLUSTERED,1,0,1,1,Value,0
dbo,GPHX_Backfill,PK_GPHX_Backfill,CLUSTERED,1,1,0,1,GEO_ID,0
dbo,GPHX_Geological,IX_GPHX_Geological,NONCLUSTERED,1,0,1,1,Value,0
dbo,GPHX_Geological,PK_GPHX_Geological,CLUSTERED,1,1,0,1,GEO_ID,0
dbo,Grading_Data,IX_Grading_Data,NONCLUSTERED,1,0,1,1,CLNT_ID,0
dbo,Grading_Data,IX_Grading_Data,NONCLUSTERED,1,0,1,2,PROJ_ID,0
dbo,Grading_Data,IX_Grading_Data,NONCLUSTERED,1,0,1,3,POINT_ID,0
dbo,Grading_Data,IX_Grading_Data,NONCLUSTERED,1,0,1,4,SAMPLE_TOP,0
dbo,Grading_Data,IX_Grading_Data,NONCLUSTERED,1,0,1,5,SAMPLE_REFERENCE,0
dbo,Grading_Data,IX_Grading_Data,NONCLUSTERED,1,0,1,6,SAMPLE_TYPE,0
dbo,Grading_Data,IX_Grading_Data,NONCLUSTERED,1,0,1,7,SPECIMEN_TOP,0
dbo,Grading_Data,IX_Grading_Data,NONCLUSTERED,1,0,1,8,SPECIMEN_REFERENCE,0
dbo,Grading_Data,IX_Grading_Data,NONCLUSTERED,1,0,1,9,ITEM,0
dbo,Grading_Data,IX_Grading_Data_SAMPLEID,NONCLUSTERED,1,0,1,1,CLNT_ID,0
dbo,Grading_Data,IX_Grading_Data_SAMPLEID,NONCLUSTERED,1,0,1,2,PROJ_ID,0
dbo,Grading_Data,IX_Grading_Data_SAMPLEID,NONCLUSTERED,1,0,1,3,SAMPLE_ID,0
dbo,Grading_Data,IX_Grading_Data_SAMPLEID,NONCLUSTERED,1,0,1,4,SPECIMEN_TOP,0
dbo,Grading_Data,IX_Grading_Data_SAMPLEID,NONCLUSTERED,1,0,1,5,SPECIMEN_REFERENCE,0
dbo,Grading_Data,IX_Grading_Data_SAMPLEID,NONCLUSTERED,1,0,1,6,ITEM,0
dbo,Grading_Data,PK_Grading_Data,CLUSTERED,1,1,0,1,GEO_ID,0
dbo,Grading_Setup,IX_Grading_Setup,NONCLUSTERED,1,0,1,1,CLNT_ID,0
dbo,Grading_Setup,IX_Grading_Setup,NONCLUSTERED,1,0,1,2,PROJ_ID,0
dbo,Grading_Setup,IX_Grading_Setup,NONCLUSTERED,1,0,1,3,POINT_ID,0
dbo,Grading_Setup,IX_Grading_Setup,NONCLUSTERED,1,0,1,4,SAMPLE_TOP,0
dbo,Grading_Setup,IX_Grading_Setup,NONCLUSTERED,1,0,1,5,SAMPLE_REFERENCE,0
dbo,Grading_Setup,IX_Grading_Setup,NONCLUSTERED,1,0,1,6,SAMPLE_TYPE,0
dbo,Grading_Setup,IX_Grading_Setup,NONCLUSTERED,1,0,1,7,SPECIMEN_TOP,0
dbo,Grading_Setup,IX_Grading_Setup,NONCLUSTERED,1,0,1,8,SPECIMEN_REFERENCE,0
dbo,Grading_Setup,IX_Grading_Setup_SAMPLEID,NONCLUSTERED,1,0,1,1,CLNT_ID,0
dbo,Grading_Setup,IX_Grading_Setup_SAMPLEID,NONCLUSTERED,1,0,1,2,PROJ_ID,0
dbo,Grading_Setup,IX_Grading_Setup_SAMPLEID,NONCLUSTERED,1,0,1,3,SAMPLE_ID,0
dbo,Grading_Setup,IX_Grading_Setup_SAMPLEID,NONCLUSTERED,1,0,1,4,SPECIMEN_TOP,0
dbo,Grading_Setup,IX_Grading_Setup_SAMPLEID,NONCLUSTERED,1,0,1,5,SPECIMEN_REFERENCE,0
dbo,Grading_Setup,PK_Grading_Setup,CLUSTERED,1,1,0,1,GEO_ID,0
dbo,Grids,IX_Grids,NONCLUSTERED,1,0,1,1,CLNT_ID,0
dbo,Grids,IX_Grids,NONCLUSTERED,1,0,1,2,VALUE,0
dbo,Grids,PK_Grids,CLUSTERED,1,1,0,1,GEO_ID,0
dbo,HandPenetrometer,IX_HandPenetrometer,CLUSTERED,1,0,1,1,CLNT_ID,0
dbo,HandPenetrometer,IX_HandPenetrometer,CLUSTERED,1,0,1,2,PROJ_ID,0
dbo,HandPenetrometer,IX_HandPenetrometer,CLUSTERED,1,0,1,3,POINT_ID,0
dbo,HandPenetrometer,IX_HandPenetrometer,CLUSTERED,1,0,1,4,DEPTH,0
dbo,HandPenetrometer,PK_HandPenetrometer,NONCLUSTERED,1,1,0,1,GEO_ID,0
dbo,LOCATION,IX_LOCATION,NONCLUSTERED,1,0,1,1,CLNT_ID,0
dbo,LOCATION,IX_LOCATION,NONCLUSTERED,1,0,1,2,VALUE,0
dbo,LOCATION,PK_LOCATION,CLUSTERED,1,1,0,1,GEO_ID,0
dbo,LUT_Cap,IX_LUT_Cap,NONCLUSTERED,1,0,1,1,VALUE,0
dbo,LUT_Cap,PK_LUT_Cap,CLUSTERED,1,1,0,1,GEO_ID,0
dbo,LUT_CATEGORY,IX_LUT_CATEGORY,CLUSTERED,1,0,1,1,VALUE,0
dbo,LUT_CATEGORY,PK_LUT_CATEGORY,NONCLUSTERED,1,1,0,1,GEO_ID,0
dbo,LUT_ConsistencyDensityType,IX_LUT_ConsistencyDensityType,NONCLUSTERED,1,0,1,1,TypeID,0
dbo,LUT_ConsistencyDensityType,PK_LUT_ConsistencyDensityType,CLUSTERED,1,1,0,1,GEO_ID,0
dbo,LUT_CoreDrivability,IX_LUT_CoreDrivability,NONCLUSTERED,1,0,1,1,VALUE,0
dbo,LUT_CoreDrivability,PK_LUT_CoreDrivability,CLUSTERED,1,1,0,1,GEO_ID,0
dbo,LUT_CptConeType,IX_LUT_CptConeType,NONCLUSTERED,1,0,1,1,VALUE,0
dbo,LUT_CptConeType,PK_LUT_CptConeType,CLUSTERED,1,1,0,1,GEO_ID,0
dbo,LUT_DensityCondition,IX_LUT_DensityCondition,NONCLUSTERED,1,0,1,1,VALUE,0
dbo,LUT_DensityCondition,PK_LUT_DensityCondition,CLUSTERED,1,1,0,1,GEO_ID,0
dbo,LUT_DensitySampleType,IX_LUT_DensitySampleType,NONCLUSTERED,1,0,1,1,VALUE,0
dbo,LUT_DensitySampleType,PK_LUT_DensitySampleType,CLUSTERED,1,1,0,1,GEO_ID,0
dbo,LUT_DensityType,IX_LUT_DensityType,NONCLUSTERED,1,0,1,1,VALUE,0
dbo,LUT_DensityType,PK_LUT_DensityType,CLUSTERED,1,1,0,1,GEO_ID,0
dbo,LUT_DynamicProbeType,IX_LUT_DynamicProbeType,NONCLUSTERED,1,0,1,1,VALUE,0
dbo,LUT_DynamicProbeType,PK_LUT_DynamicProbeType,CLUSTERED,1,1,0,1,GEO_ID,0
dbo,LUT_Equipment,IX_LUT_Equipment,CLUSTERED,1,0,1,1,CLNT_ID,0
dbo,LUT_Equipment,IX_LUT_Equipment,CLUSTERED,1,0,1,2,CAT_ID,0
dbo,LUT_Equipment,IX_LUT_Equipment,CLUSTERED,1,0,1,3,VALUE,0
dbo,LUT_Equipment,PK_LUT_Equipment,NONCLUSTERED,1,1,0,1,GEO_ID,0
dbo,LUT_ExtensometerItem,IX_LUT_ExtensometerItem,NONCLUSTERED,1,0,1,1,VALUE,0
dbo,LUT_ExtensometerItem,PK_LUT_ExtensometerItem,CLUSTERED,1,1,0,1,GEO_ID,0
dbo,LUT_ExtensometerType,IX_LUT_ExtensometerType,NONCLUSTERED,1,0,1,1,VALUE,0
dbo,LUT_ExtensometerType,PK_LUT_ExtensometerType,CLUSTERED,1,1,0,1,GEO_ID,0
dbo,LUT_FileDocumentType,IX_LUT_FileDocumentType,NONCLUSTERED,1,0,1,1,VALUE,0
dbo,LUT_FileDocumentType,PK_LUT_FileDocumentType,CLUSTERED,1,1,0,1,GEO_ID,0
dbo,LUT_FileType,IX_LUT_FileType,NONCLUSTERED,1,0,1,1,VALUE,0
dbo,LUT_FileType,PK_LUT_FileType,CLUSTERED,1,1,0,1,GEO_ID,0
dbo,LUT_GradingType,IX_LUT_GradingType,NONCLUSTERED,1,0,1,1,VALUE,0
dbo,LUT_GradingType,PK_LUT_GradingType,CLUSTERED,1,1,0,1,GEO_ID,0
dbo,LUT_HoleStatus,IX_LUT_HoleStatus,NONCLUSTERED,1,0,1,1,VALUE,0
dbo,LUT_HoleStatus,PK_LUT_HoleStatus,CLUSTERED,1,1,0,1,GEO_ID,0
dbo,LUT_HoleType,IX_LUT_HoleType,NONCLUSTERED,1,0,1,1,VALUE,0
dbo,LUT_HoleType,PK_LUT_HoleType,CLUSTERED,1,1,0,1,GEO_ID,0
dbo,LUT_InstallationType,IX_LUT_InstallationType,NONCLUSTERED,1,0,1,1,Value,0
dbo,LUT_InstallationType,PK_LUT_InstallationType,CLUSTERED,1,1,0,1,GEO_ID,0
dbo,LUT_LocationMethodType,IX_LUT_LocationMethodType,NONCLUSTERED,1,0,1,1,VALUE,0
dbo,LUT_LocationMethodType,PK_LUT_LocationMethodType,CLUSTERED,1,1,0,1,GEO_ID,0
dbo,LUT_MoistureType,IX_LUT_MoistureType,NONCLUSTERED,1,0,1,1,TypeID,0
dbo,LUT_MoistureType,PK_LUT_MoistureType,CLUSTERED,1,1,0,1,GEO_ID,0
dbo,LUT_MonitoringType,IX_LUT_MonitoringType,NONCLUSTERED,1,0,1,1,Value,0
dbo,LUT_MonitoringType,PK_LUT_MonitoringType,CLUSTERED,1,1,0,1,GEO_ID,0
dbo,LUT_NationalGrids,IX_LUT_NationalGrids,NONCLUSTERED,1,0,1,1,VALUE,0
dbo,LUT_NationalGrids,PK_LUT_NationalGrids,CLUSTERED,1,1,0,1,GEO_ID,0
dbo,LUT_OriginalGrid,IX_LUT_OriginalGrid,NONCLUSTERED,1,0,1,1,VALUE,0
dbo,LUT_OriginalGrid,PK_LUT_OriginalGrid,CLUSTERED,1,1,0,1,GEO_ID,0
dbo,LUT_PeizometerType,IX_LUT_PeizometerType,NONCLUSTERED,1,0,1,1,Value,0
dbo,LUT_PeizometerType,PK_LUT_PeizometerType,CLUSTERED,1,1,0,1,GEO_ID,0
dbo,LUT_PiezometerItem,IX_LUT_PiezometerItem,NONCLUSTERED,1,0,1,1,VALUE,0
dbo,LUT_PiezometerItem,PK_LUT_PiezometerItem,CLUSTERED,1,1,0,1,GEO_ID,0
dbo,LUT_PiezometerPipeType,IX_LUT_PiezometerPipeType,NONCLUSTERED,1,0,1,1,VALUE,0
dbo,LUT_PiezometerPipeType,PK_LUT_PiezometerPipeType,CLUSTERED,1,1,0,1,GEO_ID,0
dbo,LUT_ProfilingType,IX_LUT_ProfilingType,NONCLUSTERED,1,0,1,1,Value,0
dbo,LUT_ProfilingType,PK_LUT_ProfilingType,CLUSTERED,1,1,0,1,GEO_ID,0
dbo,LUT_ReliabilityType,IX_LUT_ReliabilityType,NONCLUSTERED,1,0,1,1,Value,0
dbo,LUT_ReliabilityType,PK_LUT_ReliabilityType,CLUSTERED,1,1,0,1,GEO_ID,0
dbo,LUT_RockStrengthType,IX_LUT_RockStrengthType,NONCLUSTERED,1,0,1,1,StrengthID,0
dbo,LUT_RockStrengthType,PK_LUT_RockStrengthType,CLUSTERED,1,1,0,1,GEO_ID,0
dbo,LUT_SampleType,IX_LUT_SampleType,NONCLUSTERED,1,0,1,1,Value,0
dbo,LUT_SampleType,PK_LUT_SampleType,CLUSTERED,1,1,0,1,GEO_ID,0
dbo,LUT_SptType,IX_LUT_SptType,NONCLUSTERED,1,0,1,1,Value,0
dbo,LUT_SptType,PK_LUT_SptType,CLUSTERED,1,1,0,1,GEO_ID,0
dbo,LUT_Status,IX_LUT_Status,NONCLUSTERED,1,0,1,1,VALUE,0
dbo,LUT_Status,PK_LUT_Status,CLUSTERED,1,1,0,1,GEO_ID,0
dbo,LUT_TerminationType,IX_LUT_TerminationType,NONCLUSTERED,1,0,1,1,TypeID,0
dbo,LUT_TerminationType,PK_LUT_TerminationType,CLUSTERED,1,1,0,1,GEO_ID,0
dbo,LUT_USCType,IX_LUT_USCType,NONCLUSTERED,1,0,1,1,TypeID,0
dbo,LUT_USCType,PK_LUT_USCType,CLUSTERED,1,1,0,1,GEO_ID,0
dbo,LUT_VaneType,IX_LUT_VaneType,NONCLUSTERED,1,0,1,1,VALUE,0
dbo,LUT_VaneType,PK_LUT_VaneType,CLUSTERED,1,1,0,1,GEO_ID,0
dbo,LUT_WaterType,IX_LUT_WaterType,NONCLUSTERED,1,0,1,1,TypeID,0
dbo,LUT_WaterType,PK_LUT_WaterType,CLUSTERED,1,1,0,1,GEO_ID,0
dbo,LUT_WeatheringType,IX_LUT_WeatheringType,NONCLUSTERED,1,0,1,1,GradeID,0
dbo,LUT_WeatheringType,PK_LUT_WeatheringType,CLUSTERED,1,1,0,1,GEO_ID,0
dbo,Machine,IX_Machine,NONCLUSTERED,1,0,1,1,CLNT_ID,0
dbo,Machine,IX_Machine,NONCLUSTERED,1,0,1,2,VALUE,0
dbo,Machine,PK_Machine,CLUSTERED,1,1,0,1,GEO_ID,0
dbo,MATERIAL,IX_MATERIAL,NONCLUSTERED,1,0,1,1,CLNT_ID,0
dbo,MATERIAL,IX_MATERIAL,NONCLUSTERED,1,0,1,2,PROJ_ID,0
dbo,MATERIAL,IX_MATERIAL,NONCLUSTERED,1,0,1,3,MATERIAL_ID,0
dbo,MATERIAL,PK_MATERIAL,CLUSTERED,1,1,0,1,GEO_ID,0
dbo,MATERIALX,IX_MATERIALX,NONCLUSTERED,1,0,1,1,CLNT_ID,0
dbo,MATERIALX,IX_MATERIALX,NONCLUSTERED,1,0,1,2,MATERIALX_ID,0
dbo,MATERIALX,PK_MATERIALX,CLUSTERED,1,1,0,1,GEO_ID,0
dbo,MATERIALXX,IX_MATERIALXX,NONCLUSTERED,1,0,1,1,CLNT_ID,0
dbo,MATERIALXX,IX_MATERIALXX,NONCLUSTERED,1,0,1,2,MATERIALXX_ID,0
dbo,MATERIALXX,PK_MATERIALXX,CLUSTERED,1,1,0,1,GEO_ID,0
dbo,Measurements,IX_Measurements,CLUSTERED,1,0,1,1,CLNT_ID,0
dbo,Measurements,IX_Measurements,CLUSTERED,1,0,1,2,PROJ_ID,0
dbo,Measurements,IX_Measurements,CLUSTERED,1,0,1,3,DATE,0
dbo,Measurements,IX_Measurements,CLUSTERED,1,0,1,4,RIG,0
dbo,Measurements,IX_Measurements,CLUSTERED,1,0,1,5,CONE_REFERENCE,0
dbo,Measurements,PK_Measurements,NONCLUSTERED,1,1,0,1,GEO_ID,0
dbo,MoistureContent,IX_MoistureContent,NONCLUSTERED,1,0,1,1,CLNT_ID,0
dbo,MoistureContent,IX_MoistureContent,NONCLUSTERED,1,0,1,2,PROJ_ID,0
dbo,MoistureContent,IX_MoistureContent,NONCLUSTERED,1,0,1,3,POINT_ID,0
dbo,MoistureContent,IX_MoistureContent,NONCLUSTERED,1,0,1,4,SAMPLE_TOP,0
dbo,MoistureContent,IX_MoistureContent,NONCLUSTERED,1,0,1,5,SAMPLE_REFERENCE,0
dbo,MoistureContent,IX_MoistureContent,NONCLUSTERED,1,0,1,6,SAMPLE_TYPE,0
dbo,MoistureContent,IX_MoistureContent,NONCLUSTERED,1,0,1,7,SPECIMEN_TOP,0
dbo,MoistureContent,IX_MoistureContent,NONCLUSTERED,1,0,1,8,SPECIMEN_REFERENCE,0
dbo,MoistureContent,IX_MoistureContent_SAMPLEID,NONCLUSTERED,1,0,1,1,CLNT_ID,0
dbo,MoistureContent,IX_MoistureContent_SAMPLEID,NONCLUSTERED,1,0,1,2,PROJ_ID,0
dbo,MoistureContent,IX_MoistureContent_SAMPLEID,NONCLUSTERED,1,0,1,3,SAMPLE_ID,0
dbo,MoistureContent,IX_MoistureContent_SAMPLEID,NONCLUSTERED,1,0,1,4,SPECIMEN_TOP,0
dbo,MoistureContent,IX_MoistureContent_SAMPLEID,NONCLUSTERED,1,0,1,5,SPECIMEN_REFERENCE,0
dbo,MoistureContent,PK_MoistureContent,CLUSTERED,1,1,0,1,GEO_ID,0
dbo,Office,IX_Office,NONCLUSTERED,1,0,1,1,CLNT_ID,0
dbo,Office,IX_Office,NONCLUSTERED,1,0,1,2,VALUE,0
dbo,Office,PK_Office,CLUSTERED,1,1,0,1,GEO_ID,0
dbo,Permeability,IX_Permeability,NONCLUSTERED,1,0,1,1,CLNT_ID,0
dbo,Permeability,IX_Permeability,NONCLUSTERED,1,0,1,2,PROJ_ID,0
dbo,Permeability,IX_Permeability,NONCLUSTERED,1,0,1,3,POINT_ID,0
dbo,Permeability,IX_Permeability,NONCLUSTERED,1,0,1,4,TOP,0
dbo,Permeability,IX_Permeability,NONCLUSTERED,1,0,1,5,BASE,0
dbo,Permeability,PK_Permeability,CLUSTERED,1,1,0,1,GEO_ID,0
dbo,Piezometers_INST,IX_Piezometers_INST,NONCLUSTERED,1,0,1,1,CLNT_ID,0
dbo,Piezometers_INST,IX_Piezometers_INST,NONCLUSTERED,1,0,1,2,PROJ_ID,0
dbo,Piezometers_INST,IX_Piezometers_INST,NONCLUSTERED,1,0,1,3,POINT_ID,0
dbo,Piezometers_INST,IX_Piezometers_INST,NONCLUSTERED,1,0,1,4,ITEM,0
dbo,Piezometers_INST,PK_Piezometers_INST,CLUSTERED,1,1,0,1,GEO_ID,0
dbo,Piezometers_PIPE,IX_Piezometers_PIPE,NONCLUSTERED,1,0,1,1,CLNT_ID,0
dbo,Piezometers_PIPE,IX_Piezometers_PIPE,NONCLUSTERED,1,0,1,2,PROJ_ID,0
dbo,Piezometers_PIPE,IX_Piezometers_PIPE,NONCLUSTERED,1,0,1,3,POINT_ID,0
dbo,Piezometers_PIPE,IX_Piezometers_PIPE,NONCLUSTERED,1,0,1,4,ITEM,0
dbo,Piezometers_PIPE,IX_Piezometers_PIPE,NONCLUSTERED,1,0,1,5,TOP,0
dbo,Piezometers_PIPE,IX_Piezometers_PIPE,NONCLUSTERED,1,0,1,6,BASE,0
dbo,Piezometers_PIPE,PK_Piezometers_PIPE,CLUSTERED,1,1,0,1,GEO_ID,0
dbo,Piezometers_RDNG,IX_Piezometers_RDNG,NONCLUSTERED,1,0,1,1,CLNT_ID,0
dbo,Piezometers_RDNG,IX_Piezometers_RDNG,NONCLUSTERED,1,0,1,2,PROJ_ID,0
dbo,Piezometers_RDNG,IX_Piezometers_RDNG,NONCLUSTERED,1,0,1,3,POINT_ID,0
dbo,Piezometers_RDNG,IX_Piezometers_RDNG,NONCLUSTERED,1,0,1,4,ITEM,0
dbo,Piezometers_RDNG,IX_Piezometers_RDNG,NONCLUSTERED,1,0,1,5,DATETIME,0
dbo,Piezometers_RDNG,PK_Piezometers_RDNG,CLUSTERED,1,1,0,1,GEO_ID,0
dbo,Piezometers_VIBE,IX_Piezometers_VIBE,NONCLUSTERED,1,0,1,1,CLNT_ID,0
dbo,Piezometers_VIBE,IX_Piezometers_VIBE,NONCLUSTERED,1,0,1,2,PROJ_ID,0
dbo,Piezometers_VIBE,IX_Piezometers_VIBE,NONCLUSTERED,1,0,1,3,POINT_ID,0
dbo,Piezometers_VIBE,IX_Piezometers_VIBE,NONCLUSTERED,1,0,1,4,ITEM,0
dbo,Piezometers_VIBE,IX_Piezometers_VIBE,NONCLUSTERED,1,0,1,5,TOP,0
dbo,Piezometers_VIBE,PK_Piezometers_VIBE,CLUSTERED,1,1,0,1,GEO_ID,0
dbo,POINT,IX_POINT,NONCLUSTERED,1,0,1,1,CLNT_ID,0
dbo,POINT,IX_POINT,NONCLUSTERED,1,0,1,2,PROJ_ID,0
dbo,POINT,IX_POINT,NONCLUSTERED,1,0,1,3,POINT_ID,0
dbo,POINT,PK_POINT,CLUSTERED,1,1,0,1,GEO_ID,0
dbo,POINT_LINK,IX_POINT_LINK,NONCLUSTERED,1,0,1,1,CLNT_ID,0
dbo,POINT_LINK,IX_POINT_LINK,NONCLUSTERED,1,0,1,2,PROJ_ID,0
dbo,POINT_LINK,IX_POINT_LINK,NONCLUSTERED,1,0,1,3,POINT_ID,0
dbo,POINT_LINK,IX_POINT_LINK,NONCLUSTERED,1,0,1,4,POINT_LINK,0
dbo,POINT_LINK,PK_POINT_LINK,CLUSTERED,1,1,0,1,GEO_ID,0
dbo,PROJECT,IX_PROJECT,NONCLUSTERED,1,0,1,1,CLNT_ID,0
dbo,PROJECT,IX_PROJECT,NONCLUSTERED,1,0,1,2,PROJ_ID,0
dbo,PROJECT,PK_PROJECT,CLUSTERED,1,1,0,1,GEO_ID,0
dbo,PROJECT_LINK,IX_PROJECT_LINK,CLUSTERED,1,0,1,1,CLNT_ID,0
dbo,PROJECT_LINK,IX_PROJECT_LINK,CLUSTERED,1,0,1,2,PROJ_ID,0
dbo,PROJECT_LINK,IX_PROJECT_LINK,CLUSTERED,1,0,1,3,PROJ_LINK,0
dbo,PROJECT_LINK,IX_PROJECT_LINK_LINK,NONCLUSTERED,0,0,0,1,CLNT_ID,0
dbo,PROJECT_LINK,IX_PROJECT_LINK_LINK,NONCLUSTERED,0,0,0,2,PROJ_LINK,0
dbo,PROJECT_LINK,PK_PROJECT_LINK,NONCLUSTERED,1,1,0,1,GEO_ID,0
dbo,Rig,IX_Rig,NONCLUSTERED,1,0,1,1,CLNT_ID,0
dbo,Rig,IX_Rig,NONCLUSTERED,1,0,1,2,VALUE,0
dbo,Rig,PK_Rig,CLUSTERED,1,1,0,1,GEO_ID,0
dbo,SAMPLE,IX_SAMPLE,NONCLUSTERED,1,0,1,1,CLNT_ID,0
dbo,SAMPLE,IX_SAMPLE,NONCLUSTERED,1,0,1,2,PROJ_ID,0
dbo,SAMPLE,IX_SAMPLE,NONCLUSTERED,1,0,1,3,POINT_ID,0
dbo,SAMPLE,IX_SAMPLE,NONCLUSTERED,1,0,1,4,SAMPLE_TOP,0
dbo,SAMPLE,IX_SAMPLE,NONCLUSTERED,1,0,1,5,SAMPLE_REFERENCE,0
dbo,SAMPLE,IX_SAMPLE,NONCLUSTERED,1,0,1,6,SAMPLE_TYPE,0
dbo,SAMPLE,IX_SAMPLE_SAMPLEID,NONCLUSTERED,1,0,1,1,CLNT_ID,0
dbo,SAMPLE,IX_SAMPLE_SAMPLEID,NONCLUSTERED,1,0,1,2,PROJ_ID,0
dbo,SAMPLE,IX_SAMPLE_SAMPLEID,NONCLUSTERED,1,0,1,3,SAMPLE_ID,0
dbo,SAMPLE,PK_SAMPLE,CLUSTERED,1,1,0,1,GEO_ID,0
dbo,SiteRecords,IX_SiteRecords,CLUSTERED,1,0,1,1,CLNT_ID,0
dbo,SiteRecords,IX_SiteRecords,CLUSTERED,1,0,1,2,PROJ_ID,0
dbo,SiteRecords,IX_SiteRecords,CLUSTERED,1,0,1,3,DATE,0
dbo,SiteRecords,IX_SiteRecords,CLUSTERED,1,0,1,4,RIG,0
dbo,SiteRecords,PK_SiteRecords,NONCLUSTERED,1,1,0,1,GEO_ID,0
dbo,SPECIMEN,IX_SPECIMEN,NONCLUSTERED,1,0,1,1,CLNT_ID,0
dbo,SPECIMEN,IX_SPECIMEN,NONCLUSTERED,1,0,1,2,PROJ_ID,0
dbo,SPECIMEN,IX_SPECIMEN,NONCLUSTERED,1,0,1,3,POINT_ID,0
dbo,SPECIMEN,IX_SPECIMEN,NONCLUSTERED,1,0,1,4,SAMPLE_TOP,0
dbo,SPECIMEN,IX_SPECIMEN,NONCLUSTERED,1,0,1,5,SAMPLE_REFERENCE,0
dbo,SPECIMEN,IX_SPECIMEN,NONCLUSTERED,1,0,1,6,SAMPLE_TYPE,0
dbo,SPECIMEN,IX_SPECIMEN,NONCLUSTERED,1,0,1,7,SPECIMEN_TOP,0
dbo,SPECIMEN,IX_SPECIMEN,NONCLUSTERED,1,0,1,8,SPECIMEN_REFERENCE,0
dbo,SPECIMEN,IX_SPECIMEN_SAMPLEID,NONCLUSTERED,1,0,1,1,CLNT_ID,0
dbo,SPECIMEN,IX_SPECIMEN_SAMPLEID,NONCLUSTERED,1,0,1,2,PROJ_ID,0
dbo,SPECIMEN,IX_SPECIMEN_SAMPLEID,NONCLUSTERED,1,0,1,3,SAMPLE_ID,0
dbo,SPECIMEN,IX_SPECIMEN_SAMPLEID,NONCLUSTERED,1,0,1,4,SPECIMEN_TOP,0
dbo,SPECIMEN,IX_SPECIMEN_SAMPLEID,NONCLUSTERED,1,0,1,5,SPECIMEN_REFERENCE,0
dbo,SPECIMEN,PK_SPECIMEN,CLUSTERED,1,1,0,1,GEO_ID,0
dbo,SPT,IX_SPT,NONCLUSTERED,1,0,1,1,CLNT_ID,0
dbo,SPT,IX_SPT,NONCLUSTERED,1,0,1,2,PROJ_ID,0
dbo,SPT,IX_SPT,NONCLUSTERED,1,0,1,3,POINT_ID,0
dbo,SPT,IX_SPT,NONCLUSTERED,1,0,1,4,TOP,0
dbo,SPT,PK_SPT,CLUSTERED,1,1,0,1,GEO_ID,0
dbo,sysdiagrams,PK__sysdiagrams__0519C6AF,CLUSTERED,1,1,0,1,diagram_id,0
dbo,sysdiagrams,UK_principal_name,NONCLUSTERED,1,0,1,1,principal_id,0
dbo,sysdiagrams,UK_principal_name,NONCLUSTERED,1,0,1,2,name,0
dbo,test,IX_test,CLUSTERED,1,0,1,1,CLNT_ID,0
dbo,test,IX_test,CLUSTERED,1,0,1,2,VALUE,0
dbo,test,PK_test,NONCLUSTERED,1,1,0,1,GEO_ID,0
dbo,TRANSACTIONS,IX_TRANSACTIONS,CLUSTERED,1,0,1,1,CLNT_ID,0
dbo,TRANSACTIONS,IX_TRANSACTIONS,CLUSTERED,1,0,1,2,PROJ_ID,0
dbo,TRANSACTIONS,IX_TRANSACTIONS,CLUSTERED,1,0,1,3,VALUE,0
dbo,TRANSACTIONS,PK_TRANSACTIONS,NONCLUSTERED,1,1,0,1,GEO_ID,0
dbo,Vane,IX_Vane,NONCLUSTERED,1,0,1,1,CLNT_ID,0
dbo,Vane,IX_Vane,NONCLUSTERED,1,0,1,2,PROJ_ID,0
dbo,Vane,IX_Vane,NONCLUSTERED,1,0,1,3,POINT_ID,0
dbo,Vane,IX_Vane,NONCLUSTERED,1,0,1,4,TOP,0
dbo,Vane,IX_Vane,NONCLUSTERED,1,0,1,5,ITEM,0
dbo,Vane,PK_Vane,CLUSTERED,1,1,0,1,GEO_ID,0
dbo,Water,IX_Water,NONCLUSTERED,1,0,1,1,CLNT_ID,0
dbo,Water,IX_Water,NONCLUSTERED,1,0,1,2,PROJ_ID,0
dbo,Water,IX_Water,NONCLUSTERED,1,0,1,3,POINT_ID,0
dbo,Water,IX_Water,NONCLUSTERED,1,0,1,4,DATETIME,0
dbo,Water,PK_Water,CLUSTERED,1,1,0,1,GEO_ID,0
dbo,Weathering,IX_Weathering,NONCLUSTERED,1,0,1,1,CLNT_ID,0
dbo,Weathering,IX_Weathering,NONCLUSTERED,1,0,1,2,PROJ_ID,0
dbo,Weathering,IX_Weathering,NONCLUSTERED,1,0,1,3,POINT_ID,0
dbo,Weathering,IX_Weathering,NONCLUSTERED,1,0,1,4,TOP,0
dbo,Weathering,IX_Weathering,NONCLUSTERED,1,0,1,5,BASE,0
dbo,Weathering,PK_Weathering,CLUSTERED,1,1,0,1,GEO_ID,0
